{"cameraMode":{"drawMode":0,"name":"Shaded","section":"Shading Mode"},"sceneLighting":false,"audioPlay":false,"sceneViewState":{"m_AlwaysRefresh":false,"showFog":true,"showSkybox":true,"showFlares":true,"showImageEffects":true,"showParticleSystems":true,"showVisualEffectGraphs":true,"m_FxEnabled":true},"in2DMode":false,"pivot":{"x":-3.835984468460083,"y":0.45100945234298708,"z":-8.795308113098145},"rotation":{"x":0.256795197725296,"y":0.22140435874462129,"z":-0.060562703758478168,"w":0.9388169050216675},"size":0.9455617666244507,"orthographic":false}