{"cameraMode":{"drawMode":0,"name":"Shaded","section":"Shading Mode"},"sceneLighting":false,"audioPlay":false,"sceneViewState":{"m_AlwaysRefresh":false,"showFog":true,"showSkybox":true,"showFlares":true,"showImageEffects":true,"showParticleSystems":true,"showVisualEffectGraphs":true,"m_FxEnabled":true},"in2DMode":false,"pivot":{"x":-0.002935171127319336,"y":-0.00966767966747284,"z":0.012357198633253575},"rotation":{"x":0.008220000192523003,"y":0.5571684837341309,"z":-0.005514292512089014,"w":0.8303487300872803},"size":0.24741829931735993,"orthographic":false}