{"cameraMode":{"drawMode":0,"name":"Shaded","section":"Shading Mode"},"sceneLighting":false,"audioPlay":false,"sceneViewState":{"m_AlwaysRefresh":false,"showFog":true,"showSkybox":true,"showFlares":true,"showImageEffects":true,"showParticleSystems":true,"showVisualEffectGraphs":true,"m_FxEnabled":true},"in2DMode":false,"pivot":{"x":-1.6466381549835206,"y":0.9826613664627075,"z":0.4045045077800751},"rotation":{"x":0.07334533333778382,"y":-0.8534969091415405,"z":0.1250682920217514,"w":0.5005357265472412},"size":1.8514987230300904,"orthographic":true}