{"cameraMode":{"drawMode":0,"name":"Shaded","section":"Shading Mode"},"sceneLighting":false,"audioPlay":false,"sceneViewState":{"m_AlwaysRefresh":false,"showFog":true,"showSkybox":true,"showFlares":true,"showImageEffects":true,"showParticleSystems":true,"showVisualEffectGraphs":true,"m_FxEnabled":true},"in2DMode":false,"pivot":{"x":0.03867749869823456,"y":0.01384473592042923,"z":0.021393921226263047},"rotation":{"x":0.008220000192523003,"y":0.5571684837341309,"z":-0.005514292512089014,"w":0.8303487300872803},"size":0.3231743574142456,"orthographic":false}