{"cameraMode":{"drawMode":0,"name":"Shaded","section":"Shading Mode"},"sceneLighting":false,"audioPlay":false,"sceneViewState":{"m_AlwaysRefresh":false,"showFog":true,"showSkybox":true,"showFlares":true,"showImageEffects":true,"showParticleSystems":true,"showVisualEffectGraphs":true,"m_FxEnabled":true},"in2DMode":false,"pivot":{"x":0.045674458146095279,"y":0.05614477023482323,"z":-0.011824164539575577},"rotation":{"x":0.04619684815406799,"y":0.6889654994010925,"z":-0.04408346861600876,"w":0.7219845652580261},"size":0.3231743574142456,"orthographic":false}