{"cameraMode":{"drawMode":0,"name":"Shaded","section":"Shading Mode"},"sceneLighting":false,"audioPlay":false,"sceneViewState":{"m_AlwaysRefresh":false,"showFog":true,"showSkybox":true,"showFlares":true,"showImageEffects":true,"showParticleSystems":true,"showVisualEffectGraphs":true,"m_FxEnabled":true},"in2DMode":false,"pivot":{"x":0.03867749869823456,"y":0.01384473592042923,"z":0.021393921226263047},"rotation":{"x":0.1621539443731308,"y":0.017761144787073137,"z":-0.0029206860344856979,"w":0.9866095781326294},"size":0.3231743574142456,"orthographic":false}